,#,"Country,Other",TotalCases,NewCases,TotalDeaths,NewDeaths,TotalRecovered,NewRecovered,ActiveCases,"Serious,Critical",Tot Cases/1M pop,Deaths/1M pop,TotalTests,Tests/ 1M pop,Population
0,+0,World,224607667,"+589,207",4629724.0,"+8,931",201148565.0,"+546,418",18829378.0,103614.0,28815.0,594.0,+0,+0,+0
1,1.0,USA,41739682,"+169,114",676989.0,"+1,733",31820994.0,"+76,035",9241699.0,25749.0,125226.0,2031.0,602794033.0,1808479.0,333315463.0
2,2.0,India,33200877,"+37,873",442350.0,+304,32358246.0,"+36,963",400281.0,8944.0,23780.0,317.0,538604854.0,385776.0,1396161118.0
3,3.0,Brazil,20974850,"+15,951",585923.0,+718,20016161.0,"+13,599",372766.0,8318.0,97849.0,2733.0,57095219.0,266353.0,214359491.0
4,4.0,UK,7168806,"+37,622",133988.0,+147,5746286.0,"+24,014",1288532.0,1060.0,104944.0,1961.0,282141831.0,4130257.0,68310968.0
5,5.0,Russia,7102625,"+18,341",191165.0,+789,6357272.0,"+17,121",554188.0,2300.0,48645.0,1309.0,182700000.0,1251292.0,146009080.0
6,6.0,France,6887791,"+9,966",115442.0,+80,6486949.0,"+22,533",285400.0,2223.0,105244.0,1764.0,130942169.0,2000776.0,65445703.0
7,7.0,Turkey,6613976,"+23,562",59384.0,+214,6090902.0,"+35,083",463690.0,633.0,77429.0,695.0,79460452.0,930237.0,85419612.0
8,8.0,Iran,5258913,"+21,114",113380.0,+445,4509905.0,"+28,091",635628.0,7418.0,61672.0,1330.0,30017378.0,352017.0,85272528.0
9,9.0,Argentina,5221809,"+2,816",113282.0,+183,5067105.0,"+4,990",41422.0,2172.0,114289.0,2479.0,24252818.0,530816.0,45689695.0
10,10.0,Colombia,4926772,"+1,772",125529.0,+49,4763695.0,"+2,322",37548.0,542.0,95612.0,2436.0,24651488.0,478404.0,51528639.0
11,11.0,Spain,4907461,"+4,440",85290.0,+72,4542552.0,"+13,141",279619.0,1227.0,104913.0,1823.0,62288714.0,1331628.0,46776373.0
12,12.0,Italy,4596558,"+5,621",129828.0,+62,4338241.0,"+6,984",128489.0,548.0,76158.0,2151.0,86852737.0,1439013.0,60355786.0
13,13.0,Indonesia,4158731,"+5,376",138431.0,+315,3901766.0,"+14,356",118534.0,+0,15015.0,500.0,34340298.0,123987.0,276967468.0
14,14.0,Germany,4071607,"+12,667",93095.0,+55,3810100.0,"+8,600",168412.0,1217.0,48412.0,1107.0,70379237.0,836819.0,84103285.0
15,15.0,Mexico,3479999,"+14,828",266150.0,+730,2819991.0,"+10,962",393858.0,4798.0,26657.0,2039.0,10104334.0,77401.0,130545694.0
16,16.0,Poland,2892642,+528,75417.0,+8,2657981.0,+205,159244.0,78.0,76531.0,1995.0,20109569.0,532039.0,37797174.0
17,17.0,South Africa,2848925,"+5,883",84608.0,+281,2656534.0,"+18,828",107783.0,546.0,47325.0,1405.0,16987426.0,282189.0,60198734.0
18,18.0,Ukraine,2310554,"+3,615",54251.0,+76,2218873.0,"+1,310",37430.0,177.0,53214.0,1249.0,12217031.0,281367.0,43420220.0
19,19.0,Philippines,2179770,"+17,964",34899.0,+168,1969401.0,"+9,067",175470.0,3170.0,19582.0,314.0,19551016.0,175634.0,111316868.0
20,20.0,Peru,2158493,+0,198621.0,+0,+0,+0,+0,1131.0,64397.0,5926.0,17110053.0,510467.0,33518419.0
21,21.0,Netherlands,1966634,"+2,687",18062.0,+4,1874046.0,"+2,109",74526.0,213.0,114472.0,1051.0,16718169.0,973114.0,17180071.0
22,22.0,Iraq,1944125,"+4,717",21394.0,+61,1808692.0,"+7,298",114039.0,726.0,47079.0,518.0,14712587.0,356281.0,41294851.0
23,23.0,Malaysia,1940950,"+21,176",19827.0,+341,1678959.0,"+21,476",242164.0,1321.0,59068.0,603.0,23863926.0,726240.0,32859568.0
24,24.0,Czechia,1682475,+421,30413.0,+0,1648653.0,+8,3409.0,13.0,156762.0,2834.0,36736421.0,3422860.0,10732667.0
25,25.0,Chile,1643156,+510,37178.0,+19,1600353.0,+298,5625.0,529.0,85086.0,1925.0,20794130.0,1076766.0,19311646.0
26,26.0,Japan,1613841,"+10,397",16603.0,+78,1442637.0,"+18,724",154601.0,2125.0,12807.0,132.0,23031326.0,182767.0,126014576.0
27,27.0,Canada,1538093,"+4,604",27170.0,+36,1471725.0,"+3,518",39198.0,405.0,40331.0,712.0,41324700.0,1083606.0,38136287.0
28,28.0,Bangladesh,1527215,"+2,325",26832.0,+38,1472067.0,"+3,856",28316.0,1455.0,9165.0,161.0,9202790.0,55225.0,166643203.0
29,29.0,Thailand,1352953,"+14,403",13920.0,+189,1197391.0,"+15,610",141642.0,4387.0,19325.0,199.0,9201621.0,131435.0,70008775.0
30,30.0,Belgium,1203326,"+2,270",25447.0,+5,1105366.0,+0,72513.0,225.0,103292.0,2184.0,19062138.0,1636272.0,11649737.0
31,31.0,Pakistan,1197887,"+3,689",26580.0,+83,1079867.0,"+3,755",91440.0,5362.0,5301.0,118.0,18347597.0,81187.0,225991170.0
32,32.0,Israel,1154286,"+5,861",7321.0,+8,1063507.0,"+4,175",83458.0,672.0,123771.0,785.0,19843626.0,2127775.0,9326000.0
33,33.0,Sweden,1138017,+0,14662.0,+0,1094421.0,"+1,055",28934.0,58.0,111852.0,1441.0,11935233.0,1173077.0,10174298.0
34,34.0,Romania,1115901,"+2,520",34914.0,+41,1063360.0,+994,17627.0,543.0,58471.0,1829.0,11885786.0,622797.0,19084536.0
35,35.0,Portugal,1053450,"+1,323",17843.0,+7,996987.0,"+1,936",38620.0,118.0,103673.0,1756.0,17418955.0,1714255.0,10161242.0
36,36.0,Morocco,899581,"+2,668",13436.0,+66,849681.0,"+5,192",36464.0,845.0,24033.0,359.0,9303278.0,248542.0,37431364.0
37,37.0,Kazakhstan,832248,"+4,024",10154.0,+78,747978.0,"+6,169",74116.0,221.0,43701.0,533.0,11575012.0,607802.0,19044066.0
38,38.0,Hungary,814732,+323,30086.0,+6,778640.0,+109,6006.0,30.0,84594.0,3124.0,6679227.0,693507.0,9631090.0
39,39.0,Switzerland,808050,"+2,894",11010.0,+0,720152.0,"+2,117",76888.0,281.0,92560.0,1261.0,10103448.0,1157322.0,8730022.0
40,40.0,Serbia,806448,"+6,089",7493.0,+25,734845.0,"+1,219",64110.0,128.0,92744.0,862.0,5205343.0,598633.0,8695382.0
41,41.0,Jordan,806012,+798,10531.0,+13,783438.0,+774,12043.0,507.0,78074.0,1020.0,9531594.0,923268.0,10323752.0
42,42.0,Nepal,775548,+961,10924.0,+21,736666.0,"+1,660",27958.0,+0,26060.0,367.0,4008046.0,134679.0,29759961.0
43,43.0,Cuba,729133,"+8,394",6140.0,+84,683992.0,"+8,579",39001.0,412.0,64420.0,542.0,8512380.0,752085.0,11318371.0
44,44.0,UAE,727541,+744,2060.0,+3,718218.0,+961,7263.0,+0,72517.0,205.0,77660916.0,7740819.0,10032649.0
45,45.0,Austria,705913,"+2,341",10832.0,+10,675060.0,"+1,605",20021.0,183.0,77850.0,1195.0,79979782.0,8820360.0,9067632.0
46,46.0,Tunisia,681664,"+1,590",24086.0,+45,651448.0,"+3,857",6130.0,468.0,56967.0,2013.0,2708754.0,226373.0,11965869.0
47,47.0,Lebanon,611912,+815,8169.0,+12,568381.0,"+4,124",35362.0,200.0,90133.0,1203.0,4780275.0,704123.0,6788976.0
48,48.0,Greece,611648,"+2,129",14102.0,+42,567255.0,"+1,535",30291.0,378.0,59026.0,1361.0,16436289.0,1586161.0,10362306.0
49,49.0,Vietnam,589417,"+13,321",14745.0,+275,350921.0,"+12,751",223751.0,+0,5991.0,150.0,42517091.0,432165.0,98381663.0
50,50.0,Georgia,575210,"+2,262",8089.0,+54,534559.0,"+2,795",32562.0,+0,144524.0,2032.0,8375503.0,2104380.0,3980034.0
51,51.0,Saudi Arabia,545829,+102,8610.0,+6,534908.0,+74,2311.0,542.0,15393.0,243.0,27970741.0,788822.0,35458862.0
52,52.0,Guatemala,505640,"+4,800",12606.0,+62,445934.0,"+4,488",47100.0,5.0,27616.0,688.0,2307725.0,126039.0,18309606.0
53,53.0,Ecuador,505075,+148,32426.0,+20,443880.0,+0,28769.0,759.0,28119.0,1805.0,1795320.0,99952.0,17961789.0
54,54.0,Belarus,499279,"+1,859",3893.0,+12,489870.0,"+1,529",5516.0,+0,52858.0,412.0,7988839.0,845772.0,9445616.0
55,55.0,Bolivia,494293,+379,18558.0,+17,443796.0,"+1,007",31939.0,220.0,41668.0,1564.0,2336847.0,196994.0,11862512.0
56,56.0,Costa Rica,489784,"+2,825",5754.0,+33,392993.0,"+1,708",91037.0,474.0,95113.0,1117.0,2156767.0,418829.0,5149518.0
57,57.0,Sri Lanka,480478,"+2,842",10995.0,+131,409628.0,"+19,659",59855.0,+0,22327.0,511.0,4950195.0,230025.0,21520257.0
58,58.0,Bulgaria,468300,+0,19387.0,+0,412336.0,+0,36577.0,363.0,68007.0,2815.0,4420228.0,641914.0,6886016.0
59,59.0,Panama,461230,+0,7112.0,+0,448628.0,+0,5490.0,108.0,104931.0,1618.0,3735633.0,849864.0,4395567.0
60,60.0,Paraguay,459133,+0,16028.0,+0,439639.0,+0,3466.0,66.0,63444.0,2215.0,1794784.0,248007.0,7236827.0
61,61.0,Azerbaijan,455044,"+2,508",6031.0,+37,401300.0,"+4,076",47713.0,+0,44403.0,589.0,4623245.0,451135.0,10248020.0
62,62.0,Myanmar,427516,"+2,102",16353.0,+88,375813.0,"+2,594",35350.0,+0,7795.0,298.0,3907174.0,71241.0,54844373.0
63,63.0,Kuwait,410693,+62,2429.0,+1,406855.0,+154,1409.0,38.0,94505.0,559.0,3918050.0,901589.0,4345716.0
64,64.0,Slovakia,397759,+377,12558.0,+2,381979.0,+86,3222.0,37.0,72812.0,2299.0,3441686.0,630023.0,5462795.0
65,65.0,Uruguay,386410,+152,6037.0,+0,378720.0,+108,1653.0,17.0,110780.0,1731.0,3432618.0,984100.0,3488080.0
66,66.0,Croatia,381946,"+1,042",8413.0,+8,367842.0,+678,5691.0,59.0,93728.0,2065.0,2638469.0,647468.0,4075055.0
67,67.0,Palestine,366675,"+2,311",3785.0,+5,331144.0,"+1,660",31746.0,70.0,69946.0,722.0,2288859.0,436615.0,5242286.0
68,68.0,Ireland,363847,"+1,619",5155.0,+0,309841.0,"+1,755",48851.0,59.0,72719.0,1030.0,6415912.0,1282297.0,5003453.0
69,69.0,Dominican Republic,352762,+321,4014.0,+0,343620.0,+217,5128.0,135.0,32135.0,366.0,1987753.0,181076.0,10977448.0
70,70.0,Denmark,351553,+557,2608.0,+4,340220.0,"+1,015",8725.0,29.0,60440.0,448.0,82206944.0,14133367.0,5816515.0
71,71.0,Honduras,350020,"+1,126",9260.0,+36,107772.0,+0,232988.0,606.0,34683.0,918.0,1006824.0,99765.0,10091998.0
72,72.0,Venezuela,344297,+0,4167.0,+0,328262.0,+0,11868.0,681.0,12149.0,147.0,3359014.0,118526.0,28339827.0
73,73.0,Libya,322487,"+1,117",4410.0,+13,235762.0,"+1,533",82315.0,+0,46185.0,632.0,1580335.0,226328.0,6982488.0
74,74.0,Ethiopia,321787,"+1,334",4884.0,+27,288844.0,"+1,697",28059.0,753.0,2719.0,41.0,3316737.0,28026.0,118345330.0
75,75.0,Lithuania,306558,+922,4655.0,+10,286257.0,+590,15646.0,137.0,114519.0,1739.0,4557510.0,1702518.0,2676924.0
76,76.0,Oman,302924,+0,4084.0,+0,293007.0,+0,5833.0,26.0,57581.0,776.0,25000000.0,4752094.0,5260839.0
77,77.0,Egypt,291585,+0,16836.0,+0,244793.0,+0,29956.0,90.0,2787.0,161.0,3068679.0,29329.0,104629132.0
78,78.0,Slovenia,274527,+998,4466.0,+4,261238.0,+539,8823.0,40.0,132030.0,2148.0,1483923.0,713672.0,2079279.0
79,79.0,Moldova,273918,+862,6492.0,+14,261748.0,+598,5678.0,84.0,68092.0,1614.0,1626253.0,404261.0,4022779.0
80,80.0,Bahrain,273542,+88,1388.0,+0,271215.0,+88,939.0,2.0,154397.0,783.0,6114627.0,3451320.0,1771678.0
81,81.0,S. Korea,269362,"+1,892",2348.0,+5,240733.0,"+1,813",26281.0,353.0,5248.0,46.0,13615058.0,265288.0,51321796.0
82,82.0,Mongolia,249408,"+2,009",1007.0,+15,222274.0,"+4,168",26127.0,192.0,74649.0,301.0,3647780.0,1091794.0,3341088.0
83,83.0,Armenia,247666,+669,4979.0,+11,231406.0,+586,11281.0,+0,83394.0,1677.0,1600933.0,539063.0,2969846.0
84,84.0,Kenya,242945,+661,4896.0,+32,230940.0,+533,7109.0,163.0,4403.0,89.0,2444357.0,44299.0,55178617.0
85,85.0,Qatar,234362,+126,604.0,+0,231725.0,+187,2033.0,20.0,83468.0,215.0,2558174.0,911094.0,2807805.0
86,86.0,Bosnia and Herzegovina,220636,+832,9995.0,+19,192218.0,+0,18423.0,+0,67753.0,3069.0,1168373.0,358786.0,3256466.0
87,87.0,Zambia,207696,+136,3626.0,+3,202986.0,+186,1084.0,79.0,10934.0,191.0,2339439.0,123161.0,18994991.0
88,88.0,Algeria,199560,+285,5539.0,+20,136264.0,+235,57757.0,34.0,4455.0,124.0,230861.0,5154.0,44792604.0
89,89.0,Nigeria,198239,+466,2588.0,+3,185780.0,+183,9871.0,11.0,934.0,12.0,2884034.0,13591.0,212206996.0
90,90.0,North Macedonia,182450,+575,6214.0,+30,163070.0,"+1,010",13166.0,+0,87579.0,2983.0,1211959.0,581757.0,2083272.0
91,91.0,Kyrgyzstan,176983,+100,2566.0,+3,171180.0,+132,3237.0,131.0,26605.0,386.0,1680004.0,252548.0,6652224.0
92,92.0,Norway,174649,"+1,301",827.0,+0,88952.0,+0,84870.0,17.0,31918.0,151.0,7519960.0,1374328.0,5471737.0
93,93.0,Botswana,163665,+0,2325.0,+0,158338.0,+0,3002.0,1.0,67965.0,966.0,1671764.0,694236.0,2408064.0
94,94.0,Uzbekistan,163108,+687,1142.0,+5,155114.0,+740,6852.0,23.0,4791.0,34.0,1377915.0,40472.0,34046360.0
95,95.0,Albania,155293,+977,2535.0,+4,140176.0,+919,12582.0,3.0,54033.0,882.0,1108277.0,385615.0,2874049.0
96,96.0,Afghanistan,153981,+19,7167.0,+3,115429.0,+490,31385.0,1124.0,3852.0,179.0,754480.0,18876.0,39969935.0
97,97.0,Mozambique,148901,+174,1892.0,+1,140961.0,+320,6048.0,32.0,4611.0,59.0,873870.0,27059.0,32294683.0
98,98.0,Latvia,146381,+489,2602.0,+4,139115.0,+0,4664.0,30.0,78645.0,1398.0,3874043.0,2081365.0,1861299.0
99,99.0,Estonia,145885,+540,1309.0,+2,136741.0,+310,7835.0,14.0,109886.0,986.0,1802563.0,1357762.0,1327599.0
100,100.0,Finland,132662,+490,1039.0,+0,46000.0,+0,85623.0,22.0,23899.0,187.0,6818795.0,1228394.0,5550982.0
101,101.0,Zimbabwe,126056,+0,4521.0,+0,118059.0,+0,3476.0,12.0,8337.0,299.0,1309497.0,86605.0,15120364.0
102,102.0,Namibia,126025,+59,3426.0,+4,121144.0,+71,1455.0,20.0,48553.0,1320.0,674205.0,259747.0,2595621.0
103,103.0,Ghana,122779,+236,1087.0,+3,116337.0,+657,5355.0,51.0,3856.0,34.0,1668839.0,52407.0,31843783.0
104,104.0,Uganda,121166,+176,3085.0,+11,95710.0,+13,22371.0,417.0,2553.0,65.0,1613803.0,34008.0,47454212.0
105,105.0,Montenegro,120723,+574,1792.0,+7,111452.0,+673,7479.0,11.0,192185.0,2853.0,657646.0,1046939.0,628161.0
106,106.0,Cyprus,115973,+142,527.0,+1,90755.0,+0,24691.0,37.0,95229.0,433.0,9366973.0,7691528.0,1217830.0
107,107.0,Cambodia,98184,+660,2019.0,+12,92912.0,+417,3253.0,+0,5777.0,119.0,2289480.0,134720.0,16994312.0
108,108.0,El Salvador,98122,+0,3005.0,+10,82485.0,+0,12632.0,111.0,15037.0,461.0,1238524.0,189806.0,6525207.0
109,109.0,China,95128,+17,4636.0,+0,89736.0,+47,756.0,8.0,66.0,3.0,160000000.0,111163.0,1439323776.0
110,110.0,Rwanda,92025,+470,1158.0,+5,45387.0,+6,45480.0,18.0,6902.0,87.0,2570188.0,192762.0,13333503.0
111,111.0,Cameroon,84210,+0,1357.0,+0,80433.0,+0,2420.0,152.0,3081.0,50.0,1751774.0,64096.0,27330563.0
112,112.0,Maldives,82578,+103,227.0,+0,80236.0,+82,2115.0,18.0,149634.0,411.0,1398818.0,2534710.0,551865.0
113,113.0,Luxembourg,76632,+92,834.0,+2,74674.0,+128,1124.0,10.0,120096.0,1307.0,3461064.0,5424083.0,638092.0
114,114.0,Jamaica,74645,+638,1693.0,+8,49335.0,+104,23617.0,51.0,25078.0,569.0,568107.0,190860.0,2976571.0
115,115.0,Senegal,73391,+38,1826.0,+1,66015.0,+461,5550.0,20.0,4250.0,106.0,763104.0,44192.0,17267760.0
116,116.0,Singapore,70612,+573,58.0,+1,67767.0,+455,2787.0,6.0,11958.0,10.0,18197667.0,3081660.0,5905150.0
117,117.0,Australia,69912,"+1,871",1076.0,+10,36173.0,+0,32663.0,125.0,2704.0,42.0,33658658.0,1301970.0,25852106.0
118,118.0,Malawi,61052,+57,2232.0,+3,50152.0,+60,8668.0,285.0,3096.0,113.0,395426.0,20055.0,19716865.0
119,119.0,Ivory Coast,57598,+174,495.0,+3,55565.0,+228,1538.0,+0,2121.0,18.0,888751.0,32730.0,27153985.0
120,120.0,DRC,56096,+11,1068.0,+0,30858.0,+0,24170.0,+0,605.0,12.0,306299.0,3301.0,92791381.0
121,121.0,Réunion,51651,+0,354.0,+0,49439.0,+0,1858.0,33.0,57204.0,392.0,1279618.0,1417193.0,902924.0
122,122.0,Guadeloupe,51467,+0,612.0,+0,2250.0,+0,48605.0,23.0,128601.0,1529.0,418152.0,1044842.0,400206.0
123,123.0,Angola,49943,+315,1322.0,+9,44576.0,+88,4045.0,8.0,1466.0,39.0,924815.0,27137.0,34078887.0
124,124.0,Fiji,48715,+143,534.0,+1,34411.0,+93,13770.0,39.0,53877.0,591.0,387630.0,428707.0,904184.0
125,125.0,Trinidad and Tobago,46735,+182,1359.0,+9,41515.0,+155,3861.0,22.0,33266.0,967.0,323983.0,230611.0,1404890.0
126,126.0,Eswatini,44777,+131,1167.0,+1,41409.0,+520,2201.0,10.0,38125.0,994.0,328490.0,279693.0,1174467.0
127,127.0,Madagascar,42891,+1,958.0,+0,41315.0,+4,618.0,2.0,1503.0,34.0,248742.0,8717.0,28536255.0
128,128.0,French Polynesia,40178,+0,551.0,+13,33500.0,+0,6127.0,51.0,142051.0,1948.0,26355.0,93179.0,282843.0
129,129.0,Martinique,38868,+0,509.0,+0,104.0,+0,38255.0,1.0,103671.0,1358.0,335215.0,894102.0,374918.0
130,130.0,Sudan,37715,+0,2837.0,+0,31675.0,+0,3203.0,+0,837.0,63.0,238579.0,5294.0,45065420.0
131,131.0,French Guiana,36859,+193,227.0,+2,9995.0,+0,26637.0,29.0,119721.0,737.0,376565.0,1223114.0,307874.0
132,132.0,Malta,36674,+38,446.0,+0,35092.0,+43,1136.0,2.0,82796.0,1007.0,1211456.0,2735003.0,442945.0
133,133.0,Cabo Verde,36427,+100,320.0,+2,35085.0,+95,1022.0,23.0,64681.0,568.0,209041.0,371182.0,563177.0
134,134.0,Mauritania,34692,+98,747.0,+4,32618.0,+134,1327.0,16.0,7235.0,156.0,456390.0,95185.0,4794754.0
135,135.0,Suriname,32764,+575,756.0,+4,25644.0,+97,6364.0,14.0,55261.0,1275.0,111681.0,188367.0,592892.0
136,136.0,Guinea,29987,+34,363.0,+0,27952.0,+79,1672.0,24.0,2212.0,27.0,543822.0,40118.0,13555633.0
137,137.0,Syria,29221,+135,2066.0,+6,22683.0,+20,4472.0,+0,1623.0,115.0,103566.0,5752.0,18005571.0
138,138.0,Guyana,27301,+0,659.0,+0,23974.0,+0,2668.0,36.0,34511.0,833.0,282525.0,357141.0,791075.0
139,139.0,Gabon,26638,+259,170.0,+1,25893.0,+70,575.0,19.0,11642.0,74.0,1125782.0,492013.0,2288116.0
140,140.0,Togo,23450,+186,204.0,+1,18392.0,+151,4854.0,+0,2756.0,24.0,483775.0,56853.0,8509204.0
141,141.0,Haiti,21192,+30,595.0,+7,18887.0,+138,1710.0,+0,1832.0,51.0,110525.0,9554.0,11567991.0
142,142.0,Seychelles,20593,+0,110.0,+0,19878.0,+0,605.0,+0,207859.0,1110.0,21504.0,217054.0,99072.0
143,143.0,Mayotte,20015,+68,175.0,+0,2964.0,+0,16876.0,+0,71321.0,624.0,176919.0,630428.0,280633.0
144,144.0,Benin,19841,+735,141.0,+0,13756.0,+0,5944.0,5.0,1587.0,11.0,604310.0,48344.0,12500189.0
145,145.0,Bahamas,19275,+136,453.0,+0,15302.0,+130,3520.0,15.0,48464.0,1139.0,137187.0,344934.0,397719.0
146,146.0,Papua New Guinea,18339,+0,194.0,+0,17794.0,+0,351.0,7.0,2005.0,21.0,167473.0,18306.0,9148517.0
147,147.0,Timor-Leste,18308,+92,88.0,+0,14925.0,+325,3295.0,+0,13579.0,65.0,169501.0,125715.0,1348299.0
148,148.0,Somalia,18273,+0,1017.0,+0,8926.0,+0,8330.0,+0,1113.0,62.0,209379.0,12752.0,16419471.0
149,149.0,Belize,17405,+0,373.0,+0,15651.0,+0,1381.0,8.0,42847.0,918.0,235725.0,580302.0,406211.0
150,150.0,Tajikistan,17054,+12,124.0,+0,16915.0,+14,15.0,+0,1742.0,13.0,+0,+0,9792159.0
151,151.0,Laos,16936,+194,16.0,+0,5568.0,+0,11352.0,+0,2288.0,2.0,414680.0,56029.0,7401180.0
152,152.0,Taiwan,16069,+7,839.0,+1,15019.0,+0,211.0,+0,673.0,35.0,5386600.0,225681.0,23868169.0
153,153.0,Curaçao,15642,+46,153.0,+0,15145.0,+25,344.0,4.0,94862.0,928.0,248497.0,1507020.0,164893.0
154,154.0,Andorra,15083,+5,130.0,+0,14906.0,+2,47.0,4.0,194841.0,1679.0,193595.0,2500840.0,77412.0
155,155.0,Aruba,15022,+31,154.0,+0,14468.0,+75,400.0,14.0,139992.0,1435.0,177885.0,1657736.0,107306.0
156,156.0,Mali,14977,+9,543.0,+1,14156.0,+11,278.0,+0,715.0,26.0,396357.0,18926.0,20942970.0
157,157.0,Lesotho,14395,+0,403.0,+0,6830.0,+0,7162.0,+0,6657.0,186.0,146630.0,67806.0,2162478.0
158,158.0,Burundi,14047,+0,38.0,+0,773.0,+0,13236.0,+0,1141.0,3.0,345742.0,28084.0,12310936.0
159,159.0,Burkina Faso,13906,+34,171.0,+0,13597.0,+6,138.0,+0,644.0,8.0,213552.0,9894.0,21583610.0
160,160.0,Congo,13701,+0,183.0,+0,12421.0,+0,1097.0,+0,2412.0,32.0,188207.0,33139.0,5679387.0
161,161.0,Mauritius,13114,+331,42.0,+5,1854.0,+0,11218.0,+0,10291.0,33.0,358675.0,281472.0,1274284.0
162,162.0,Nicaragua,12350,+0,201.0,+0,4225.0,+0,7924.0,+0,1838.0,30.0,+0,+0,6718377.0
163,163.0,Hong Kong,12139,+5,212.0,+0,11838.0,+4,89.0,+0,1604.0,28.0,24014928.0,3172620.0,7569431.0
164,164.0,Djibouti,11839,+15,157.0,+0,11617.0,+7,65.0,+0,11779.0,156.0,210823.0,209754.0,1005095.0
165,165.0,South Sudan,11606,+17,120.0,+0,11195.0,+0,291.0,+0,1023.0,11.0,219648.0,19352.0,11349955.0
166,166.0,CAR,11309,+0,100.0,+0,6859.0,+0,4350.0,2.0,2294.0,20.0,60228.0,12218.0,4929631.0
167,167.0,Iceland,11199,+26,33.0,+0,10662.0,+46,504.0,7.0,32566.0,96.0,1007355.0,2929362.0,343882.0
168,168.0,Channel Islands,11029,+43,95.0,+0,10487.0,+39,447.0,+0,62746.0,540.0,848803.0,4829000.0,175772.0
169,169.0,Equatorial Guinea,10284,+0,129.0,+0,9120.0,+0,1035.0,1.0,7055.0,88.0,195087.0,133838.0,1457637.0
170,170.0,Gambia,9820,+0,328.0,+0,9457.0,+0,35.0,3.0,3932.0,131.0,101817.0,40772.0,2497243.0
171,171.0,Saint Lucia,9403,+0,128.0,+0,6980.0,+0,2295.0,3.0,50930.0,693.0,73248.0,396735.0,184627.0
172,172.0,Yemen,8306,+39,1561.0,+12,5162.0,+43,1583.0,23.0,271.0,51.0,265253.0,8667.0,30606474.0
173,173.0,Isle of Man,6980,+28,38.0,+0,6678.0,+40,264.0,1.0,81572.0,444.0,83753.0,978777.0,85569.0
174,174.0,Eritrea,6655,+1,40.0,+0,6611.0,+3,4.0,+0,1846.0,11.0,23693.0,6573.0,3604830.0
175,175.0,Sierra Leone,6379,+1,121.0,+0,4370.0,+0,1888.0,+0,781.0,15.0,160729.0,19674.0,8169791.0
176,176.0,Guinea-Bissau,5968,+10,125.0,+1,5089.0,+30,754.0,4.0,2950.0,62.0,94361.0,46638.0,2023250.0
177,177.0,Niger,5912,+4,199.0,+0,5648.0,+5,65.0,+0,234.0,8.0,148096.0,5866.0,25244924.0
178,178.0,Barbados,5759,+108,51.0,+0,5018.0,+54,690.0,+0,20011.0,177.0,279853.0,972404.0,287795.0
179,179.0,Liberia,5459,+0,148.0,+0,2715.0,+0,2596.0,2.0,1050.0,28.0,128246.0,24668.0,5198885.0
180,180.0,Gibraltar,5414,+5,97.0,+0,5241.0,+4,76.0,+0,160753.0,2880.0,345252.0,10251254.0,33679.0
181,181.0,San Marino,5351,+0,90.0,+0,5195.0,+0,66.0,1.0,157308.0,2646.0,76261.0,2241916.0,34016.0
182,182.0,Chad,5012,+1,174.0,+0,4816.0,+0,22.0,+0,295.0,10.0,141392.0,8324.0,16985176.0
183,183.0,Comoros,4093,+0,147.0,+0,3923.0,+0,23.0,+0,4591.0,165.0,+0,+0,891614.0
184,184.0,Sint Maarten,3947,+0,57.0,+0,3648.0,+0,242.0,14.0,90830.0,1312.0,41509.0,955218.0,43455.0
185,185.0,Brunei,3894,+63,18.0,+1,2418.0,+105,1458.0,32.0,8801.0,41.0,269041.0,608046.0,442468.0
186,186.0,New Zealand,3866,+19,27.0,+0,3222.0,+27,617.0,5.0,773.0,5.0,3114087.0,622556.0,5002100.0
187,187.0,Saint Martin,3582,+0,45.0,+0,1399.0,+0,2138.0,7.0,90798.0,1141.0,54303.0,1376502.0,39450.0
188,188.0,Bermuda,3465,+192,35.0,+0,2817.0,+51,613.0,1.0,55884.0,564.0,490487.0,7910698.0,62003.0
189,189.0,Liechtenstein,3370,+5,60.0,+1,3242.0,+14,68.0,1.0,88086.0,1568.0,49126.0,1284071.0,38258.0
190,190.0,Monaco,3273,+8,33.0,+0,3165.0,+15,75.0,6.0,82708.0,834.0,54960.0,1388826.0,39573.0
191,191.0,Sao Tome and Principe,2787,+49,39.0,+0,2495.0,+7,253.0,+0,12442.0,174.0,14689.0,65576.0,223998.0
192,192.0,Turks and Caicos,2736,+0,20.0,+0,2620.0,+0,96.0,1.0,69548.0,508.0,94789.0,2409481.0,39340.0
193,193.0,British Virgin Islands,2642,+0,37.0,+0,2555.0,+0,50.0,7.0,86705.0,1214.0,79575.0,2611499.0,30471.0
194,194.0,Bhutan,2596,+0,3.0,+0,2585.0,+0,8.0,+0,3321.0,4.0,1112280.0,1422855.0,781724.0
195,195.0,St. Vincent Grenadines,2421,+30,12.0,+0,2321.0,+7,88.0,2.0,21740.0,108.0,69275.0,622082.0,111360.0
196,196.0,Dominica,2280,+0,6.0,+0,1857.0,+0,417.0,+0,31579.0,83.0,57762.0,800039.0,72199.0
197,197.0,Grenada,2163,+216,22.0,+3,381.0,+29,1760.0,+0,19117.0,194.0,63367.0,560056.0,113144.0
198,198.0,Antigua and Barbuda,2059,+0,47.0,+0,1433.0,+0,579.0,9.0,20820.0,475.0,17409.0,176035.0,98895.0
199,199.0,Caribbean Netherlands,1908,+13,17.0,+0,1781.0,+27,110.0,+0,71965.0,641.0,20707.0,781013.0,26513.0
200,200.0,St. Barth,1542,+0,2.0,+0,462.0,+0,1078.0,+0,155553.0,202.0,38369.0,3870574.0,9913.0
201,201.0,Saint Kitts and Nevis,1390,+38,6.0,+1,771.0,+32,613.0,1.0,25910.0,112.0,34088.0,635413.0,53647.0
202,202.0,Tanzania,1367,+0,50.0,+0,183.0,+0,1134.0,7.0,22.0,0.8,+0,+0,61753301.0
203,203.0,Faeroe Islands,1032,+5,2.0,+0,1000.0,+2,30.0,+0,21025.0,41.0,416000.0,8475267.0,49084.0
204,204.0,Cayman Islands,726,+3,2.0,+0,687.0,+5,37.0,+0,10894.0,30.0,130676.0,1960895.0,66641.0
205,205.0,Diamond Princess,712,+0,13.0,+0,699.0,+0,0.0,+0,+0,+0,+0,+0,+0
206,206.0,Wallis and Futuna,445,+0,7.0,+0,438.0,+0,0.0,+0,40440.0,636.0,20508.0,1863686.0,11004.0
207,207.0,Greenland,382,+4,+0,+0,309.0,+0,73.0,2.0,6715.0,+0,57192.0,1005362.0,56887.0
208,208.0,Anguilla,312,+7,+0,+0,285.0,+16,27.0,+0,20578.0,+0,38936.0,2567999.0,15162.0
209,209.0,New Caledonia,253,+51,1.0,+1,58.0,+0,194.0,6.0,876.0,3.0,42756.0,148065.0,288766.0
210,210.0,Falkland Islands,67,+0,+0,+0,63.0,+0,4.0,+0,18611.0,+0,7531.0,2091944.0,3600.0
211,211.0,Macao,63,+0,+0,+0,62.0,+1,1.0,+0,95.0,+0,4809.0,7288.0,659869.0
212,212.0,Montserrat,31,+0,1.0,+0,24.0,+0,6.0,+0,6205.0,200.0,1408.0,281825.0,4996.0
213,213.0,Saint Pierre Miquelon,31,+0,+0,+0,30.0,+0,1.0,+0,5382.0,+0,8671.0,1505382.0,5760.0
214,214.0,Vatican City,27,+0,+0,+0,27.0,+0,0.0,+0,33624.0,+0,+0,+0,803.0
215,215.0,Solomon Islands,20,+0,+0,+0,20.0,+0,0.0,+0,28.0,+0,4500.0,6366.0,706888.0
216,216.0,Western Sahara,10,+0,1.0,+0,8.0,+0,1.0,+0,16.0,2.0,+0,+0,614780.0
217,217.0,MS Zaandam,9,+0,2.0,+0,7.0,+0,0.0,+0,+0,+0,+0,+0,+0
218,218.0,Vanuatu,4,+0,1.0,+0,3.0,+0,0.0,+0,13.0,3.0,23000.0,72861.0,315671.0
219,219.0,Marshall Islands,4,+0,+0,+0,4.0,+0,0.0,+0,67.0,+0,+0,+0,59666.0
220,220.0,Samoa,3,+0,+0,+0,3.0,+0,0.0,+0,15.0,+0,+0,+0,199985.0
221,221.0,Palau,2,+0,+0,+0,2.0,+0,0.0,+0,110.0,+0,9304.0,511293.0,18197.0
222,222.0,Saint Helena,2,+0,+0,+0,2.0,+0,0.0,+0,328.0,+0,+0,+0,6099.0
223,223.0,Micronesia,1,+0,+0,+0,1.0,+0,0.0,+0,9.0,+0,+0,+0,116459.0
224,+0,Total:,224607667,"+589,207",4629724.0,"+8,931",201148565.0,"+546,418",18829378.0,103614.0,28815.1,594.0,+0,+0,+0
